"","x","y","inclusion.probabilities","ID"
"1",307186.5,6221962.5,0.00332225913621262,23166
"2",309598.5,6222202.5,0.000132913916087014,17987
"3",308458.5,6221830.5,0.00221565731166913,26231
