"","x","y","inclusion.probabilities","ID"
"1",309118.5,6221350.5,0.00221565731166913,37046
"2",308026.5,6221854.5,0.000132913916087014,25657
"3",307270.5,6222046.5,0.00221565731166913,21290
