"","x","y","inclusion.probabilities","ID"
"1",308278.5,6222718.5,0.00199335548172757,6310
"2",307402.5,6221182.5,0.000226568990257533,40669
"3",309046.5,6221698.5,0.00199335548172757,29239
