"","x","y","inclusion.probabilities","ID"
"1",309802.5,6222754.5,0.000226568990257533,5630
"2",309538.5,6221410.5,0.000226568990257533,35736
"3",307474.5,6222562.5,0.0199556541019956,9740
