"","x","y","inclusion.probabilities","ID"
"1",309514.5,6222334.5,0.0199115044247788,15021
"2",308146.5,6221014.5,0.00199335548172757,44497
"3",307066.5,6222658.5,0.00199335548172757,7554
