"","x","y","inclusion.probabilities","ID"
"1",307402.5,6222970.5,0.000830564784053156,588
"2",309034.5,6221494.5,0.000830564784053156,33811
"3",308074.5,6221998.5,0.000830564784053156,22433
